TV_Ads,Social_Media_Ads,Influencer_Marketing,Discount_Percentage,Website_Visits,Customer_Rating,Sales_Revenue
25795,20305,19449,27,4155,4.9,232530
10860,14817,20520,33,9321,4.0,267866
86820,16261,29025,22,4814,4.0,157440
64886,5417,12535,35,14125,4.4,271086
16265,46576,28439,34,4216,4.5,55473
92386,25358,11510,43,3113,4.1,136113
47194,8267,8943,39,11238,2.8,247586
97498,22209,13954,22,14760,3.3,267308
54131,29052,9804,46,13588,4.8,319026
70263,43513,8565,43,4374,3.1,183035
26023,31092,7984,21,7430,3.4,171085
51090,16338,23526,18,12970,3.6,239121
77221,5412,6670,35,1629,3.6,133382
74820,12543,20574,28,17653,4.0,385929
10769,45355,11184,39,11831,4.9,226289
69735,38496,21096,48,6724,3.1,292057
72955,28548,4192,49,12083,2.8,291025
74925,32384,3248,38,14149,3.0,317746
77969,49425,13246,7,10472,4.7,280785
15311,43756,14790,41,7276,4.1,222056
93104,23888,22417,47,16635,3.2,422223
63707,40735,20381,44,6895,4.5,243138
95305,22506,5687,30,14994,4.7,308008
38693,25463,28727,27,11552,4.6,286208
81932,22955,6018,48,17959,4.8,343817
35658,42841,13302,43,7099,3.1,214163
94478,10104,3970,19,10499,4.4,250210
28431,39911,10389,8,4178,3.7,113470
12747,28190,24149,33,7116,4.6,193051
69150,12357,29202,26,16563,4.3,253084
75725,37479,19586,29,4568,4.4,150874
94654,49811,26519,17,10847,4.1,271432
45773,41208,23951,22,15135,2.9,315730
77435,25150,26051,37,19587,3.9,356621
66886,10644,17374,20,18774,5.0,438441
76803,48286,24126,49,2742,4.8,138799
41551,7914,7788,46,19309,2.6,432186
21394,26352,7408,48,1619,2.9,142002
79092,49912,28611,6,18658,2.8,323041
13890,19397,27053,39,18340,4.3,460186
51606,46555,11446,46,2939,4.5,107593
90038,5728,2922,38,17001,3.0,404102
97313,5698,2419,34,1968,3.8,186716
20627,44954,20588,17,15846,4.6,283934
18792,18923,12789,17,1281,4.3,157504
83969,21779,3120,22,16360,3.9,325955
53001,12400,13260,36,7262,4.0,222867
86552,29466,19334,36,2058,3.8,159012
33897,41939,4336,39,11724,3.2,264760
78148,9360,7373,43,6178,3.9,247176
33483,40270,4243,33,7980,4.2,255209
58555,22101,21029,33,10200,4.7,172998
27159,37307,28433,48,2229,4.1,213571
90077,10486,6612,20,9467,4.4,153551
45920,13335,15946,48,3289,2.9,204357
77121,26364,20249,14,2239,3.7,173953
79479,42259,13104,34,6370,2.5,142804
99475,28576,15429,29,17170,3.1,341655
29457,36667,29429,43,1125,4.3,72952
76557,16130,24412,24,13504,5.0,296323
87189,26972,25710,9,16398,2.7,305369
88953,45419,8371,5,7638,3.5,231715
62995,6167,8359,34,7570,4.5,281127
50757,32192,9863,7,4249,3.0,193704
19692,6062,5228,49,10110,3.9,222994
55758,23540,22103,18,8595,4.3,204284
82409,29244,29804,34,14605,4.0,249818
81211,26545,16382,8,13115,3.0,228367
75697,26689,20755,22,7294,3.4,248569
47065,16174,4891,41,6757,4.5,288828
42606,27925,5756,29,13595,3.9,231252
21534,42497,22609,5,2969,2.5,63594
50397,14348,17770,19,11985,4.4,261234
11016,28714,18478,13,18275,2.6,339262
99789,43102,4674,19,5470,4.4,146206
65591,13924,8898,28,11225,3.0,275395
99812,42098,12147,8,10556,4.9,231336
33247,29394,2793,16,10206,3.4,218310
34300,11801,28410,41,10991,3.3,288416
84065,42614,4116,41,8519,2.9,241405
92798,11731,7779,47,14669,3.3,317983
19268,28625,14298,10,5612,4.7,145059
96807,22337,29901,43,13373,5.0,333223
22185,40307,16153,28,18582,3.4,342101
73704,12056,13111,15,16552,3.6,313572
96779,16516,12789,17,15646,4.3,409981
49099,49261,13397,38,6238,4.7,236995
18571,6542,14999,29,16577,4.0,311816
48044,26677,24550,11,16504,3.5,352002
61214,44081,2814,8,4719,3.5,124701
71228,32569,18729,12,1302,4.2,163004
58984,28322,12541,24,13144,2.5,294675
50774,24065,26938,33,18370,4.0,370959
12568,22924,4443,49,11055,3.4,285229
72592,27556,12457,14,5440,4.5,90643
77563,31962,12380,47,4072,2.7,120355
12695,33295,9783,38,14598,4.0,251597
58190,18807,29581,30,15287,3.7,333036
15258,47348,13473,45,14965,4.1,417772
97538,31432,19368,7,10519,2.7,345219
49504,22749,17328,10,14380,3.9,317281
43159,46459,26174,9,12865,3.9,291972
23986,31256,28215,9,9125,3.9,110674
71858,45262,2827,27,4291,4.0,138662
22666,42080,29306,13,5033,4.2,109620
48660,6324,21915,39,6105,4.5,166327
13561,30731,9147,24,18087,3.2,331556
36854,40909,6451,46,9133,4.6,229806
74505,28803,17343,39,17958,3.7,283551
62251,24870,15635,22,6704,2.7,217087
32662,39578,29511,21,8848,2.6,152311
18392,11588,22260,28,13975,3.3,295373
40535,43069,7959,7,7924,4.5,293510
88603,31790,2126,36,1488,4.3,93334
62256,30289,21561,39,8114,4.5,111669
99135,33178,29632,42,16740,3.8,366517
45222,33710,10795,17,4173,3.6,193257
87373,20485,13641,29,2667,2.9,234352
89575,49482,24408,13,5114,3.3,105835
94651,25652,23493,8,4553,3.6,175769
73335,9748,22530,18,8761,2.7,183959
20965,26233,9196,41,2000,3.1,114437
34538,14435,13559,38,16638,4.0,477796
80592,8709,5368,15,18772,4.3,290289
18110,35355,5797,45,6450,5.0,219773
89309,18116,17114,7,4712,4.8,180074
37266,30470,15718,32,2367,4.1,184798
62992,47344,3792,33,9189,3.6,245775
92948,47918,13053,13,10013,4.1,261119
16910,44298,24116,7,17838,4.5,314203
10206,47956,5476,29,4726,2.8,158202
97054,19683,5417,38,5806,3.5,183503
97897,5504,3645,16,3190,4.6,171297
33419,38982,16755,46,10108,3.5,241132
60636,39299,27781,13,13178,3.9,299928
60015,33016,21414,19,3875,4.0,145003
64268,28960,21256,44,6592,3.0,265967
97939,38591,5072,29,18824,3.4,386731
28141,22312,3854,9,13592,3.3,168626
90356,42797,22405,15,9927,2.6,297605
81910,7105,6662,38,15437,2.6,284445
66044,41395,8514,28,12530,4.6,260828
77214,27700,23415,19,8010,3.2,177399
43827,39620,4708,42,12207,3.8,358812
65820,42678,13694,12,3989,3.2,29496
72623,25559,25496,9,13040,4.9,439394
91734,32509,11524,30,10218,3.1,309411
85450,32860,26777,22,7471,3.6,221904
32299,16003,21891,10,3863,4.7,124483
53585,26732,8456,41,11693,4.6,302801
74044,30826,6212,17,2177,3.0,137975
52557,35354,15224,32,5760,4.5,223339
59080,18843,9970,9,1011,3.6,109927
12693,49472,27150,17,17353,3.7,337014
79163,11190,18920,21,12556,2.8,260361
35939,22640,3625,44,12563,2.7,274244
58925,43413,12314,49,15051,4.3,343159
52941,47356,9973,36,12022,3.7,342181
31834,49597,10577,33,9234,3.6,262244
28047,45821,10070,7,17173,4.3,176661
36105,8330,29857,44,14178,4.4,354155
85766,24087,10666,38,7570,2.9,230259
25707,46430,26993,44,1406,4.0,130958
31976,29504,24874,31,10206,2.8,216806
54262,12114,5600,17,5431,4.4,216410
33776,18323,8783,49,7542,4.1,270265
40080,39121,15226,37,9906,4.9,220399
76842,15975,11146,10,5146,2.7,164260
71373,16023,6971,28,13046,2.6,231887
16776,26447,15490,23,13611,3.2,203965
65016,29933,19589,20,14076,3.2,263560
19474,28959,14951,44,17524,3.1,400625
68053,5667,14312,32,5882,4.8,240783
31959,34703,3990,37,15113,3.1,342208
15530,14337,7299,45,14645,3.2,346009
13748,41487,14997,17,7012,4.4,204771
23545,24129,21956,47,18347,3.6,346995
76199,45251,24359,49,8151,4.4,280715
44766,36921,15472,29,4610,2.7,193563
83530,38307,24704,46,10884,3.7,329527
71087,32355,6380,40,7894,2.6,280900
78840,42732,6757,31,14467,2.7,350848
64384,9835,21097,42,17489,4.8,397919
61005,25159,12395,11,10873,2.8,282323
56576,43810,18241,9,13289,3.8,273611
49353,45080,7588,47,13208,3.5,268487
72003,43088,29696,49,11828,3.4,297178
93211,18216,19350,35,3137,4.7,130457
62733,40547,6944,27,2286,2.6,87213
75318,36471,15395,46,16710,4.2,370782
99474,22308,21816,14,12371,4.9,246700
33664,32532,19072,36,16945,3.9,336906
77172,39349,6243,47,8052,4.8,158995
95616,10713,22085,34,4654,2.6,182635
36736,9804,26917,43,19743,3.5,396497
10854,15136,23566,35,16600,3.2,288041
48623,5009,11916,22,9636,4.3,258955
17392,24255,25088,40,7441,5.0,263662
65680,28793,22806,6,10667,3.1,146374
56717,34548,11984,18,13149,4.1,244383
97092,42892,3759,17,2798,3.0,93369
60859,6015,29788,33,10600,3.9,211566
36309,32712,11181,16,6495,3.7,210821
97455,39961,28838,43,10900,4.9,294475
73734,13415,4482,6,14673,4.0,276126
80467,28833,26442,36,12130,3.4,192816
62662,9158,2951,17,16222,2.8,342712
22688,25309,27298,31,2300,2.9,52664
35342,11970,29965,45,10435,3.1,259676
47157,11938,4079,21,5616,3.1,168414
77863,26168,4717,44,17393,4.6,453265
62083,25384,28908,35,11617,3.9,215870
75733,23017,29952,38,6752,3.8,64555
99045,15344,22908,28,10852,2.8,271055
44698,45034,11692,49,7295,4.7,325091
90623,13702,26861,39,18456,4.3,460503
32671,5384,9311,10,4225,2.7,122101
35184,5404,25570,23,2316,4.3,90937
52107,45943,20449,34,13337,3.9,346224
96202,34189,2768,11,7807,2.7,145999
61663,17763,7490,14,4683,3.6,167183
25708,23384,17534,45,8227,3.7,250629
59811,37606,29633,36,4273,2.9,219767
12811,14860,8645,38,1145,4.9,249885
66250,43757,23467,32,6010,4.6,223790
82082,20106,7232,19,17035,4.2,321678
44754,28574,28737,34,4040,3.7,158276
21411,28524,13485,41,10654,3.5,165878
12911,8636,7797,33,17866,4.1,313891
77270,15916,27522,26,18633,3.9,357958
93763,9809,23310,8,18014,2.7,315136
18680,37201,24400,24,15996,3.8,327475
94896,18456,21719,36,17336,4.5,340290
93879,43765,14342,40,9853,3.6,327313
81295,39816,10038,8,12695,2.6,261250
98614,22100,18002,31,3852,4.5,174155
21111,26949,15087,21,17014,3.0,305158
47504,9544,6873,16,1987,3.1,101951
11802,42744,3481,26,8622,2.9,240497
18155,47783,12093,21,10160,3.3,181362
83656,31657,24689,14,18484,4.4,338485
49384,41187,21835,5,7652,3.8,167941
57254,12239,16422,26,8421,3.0,140604
31918,19489,18438,30,1769,4.7,78903
95981,48125,9643,22,18727,4.7,368647
70713,33538,28399,18,15114,4.7,368443
40306,37049,21846,33,5358,3.1,185636
26646,42131,17708,16,12543,3.6,269224
56843,47944,13271,40,19733,5.0,461075
26371,13427,19216,39,6699,4.4,192046
87371,46348,14600,16,18625,2.6,383985
12049,29285,12998,11,2125,2.7,75651
41616,42626,24338,33,11793,3.7,289452
30932,47808,16295,15,7764,4.8,169759
39855,27928,12682,37,13323,3.8,176171
71434,24198,18380,10,14031,3.7,280078
82694,24758,10519,19,15052,2.8,379353
53016,20254,25605,36,13640,4.1,355650
17400,49238,21694,15,8843,4.6,258453
52642,6252,5300,27,15210,3.5,371404
25151,44764,8722,30,17456,4.4,359211
61407,17173,9218,38,11106,4.9,288885
76690,42441,26160,38,6189,3.0,174236
14499,31698,22059,33,3472,3.8,123687
16295,20781,5054,8,18091,3.2,349262
69040,18051,15575,21,19188,4.5,441005
22183,44649,9970,39,7704,3.9,207507
39299,11949,4143,17,4713,4.1,118956
22874,47289,23591,45,6051,4.5,205337
42711,13017,11503,43,11756,3.5,306504
15539,11941,29767,19,3475,4.8,55509
63351,30934,17149,33,4610,3.8,57677
71267,28386,20922,33,5255,2.9,150322
58354,15209,14175,15,15484,4.2,249885
12557,22715,22931,36,2735,4.5,109477
48360,33920,24003,6,9258,3.3,195287
92018,36703,10356,18,8979,4.6,213875
12200,47318,24996,24,3428,4.8,212342
78497,9637,23389,26,13345,3.2,307873
56975,9854,17070,15,8426,5.0,225232
31357,48088,2822,31,9533,2.9,258066
87505,42660,19327,7,6249,3.0,114350
12869,44811,16289,21,10686,3.0,280410
71135,24856,8150,48,15109,4.7,350788
60108,26833,6425,32,1661,4.1,158670
48467,24963,27350,33,13075,2.9,234006
33328,41932,18032,25,15788,3.6,243686
96831,32169,4198,20,11060,4.0,305567
13987,12941,29732,41,16836,2.7,356237
68871,19388,22626,24,11526,4.7,227664
32399,10569,22079,10,4374,4.5,88524
56214,9300,5452,23,1207,3.8,155467
96416,44037,11106,9,3665,4.9,92480
80271,41586,15859,7,19877,3.5,458351
54064,17015,19692,5,1632,5.0,52563
80091,11254,22561,42,4083,4.2,212522
50818,22144,10705,19,14711,4.1,285297
55525,29214,12112,38,11123,2.9,294964
29830,45118,25236,39,8123,4.7,205806
27429,20183,24419,29,11754,3.6,251300
16893,11238,21978,28,2679,2.9,112148
89909,11090,6841,16,16901,2.5,278214
57333,16637,17358,22,1236,3.9,140878
13436,27415,3409,19,8446,3.8,166467
84290,29071,6566,48,5443,4.3,200297
86213,47679,13382,20,16463,4.7,303598
15895,46240,22875,31,9555,2.7,95706
29738,23271,19939,12,19752,4.3,355742
40746,41034,16596,29,17669,3.0,472304
59377,38434,2804,21,1148,4.6,149401
58404,9188,15221,33,14395,4.5,316344
64045,15161,3279,12,5895,3.9,147742
49790,33732,15192,19,18396,4.3,363161
15600,16314,9083,31,12023,3.3,282656
50764,28954,24370,11,11699,3.7,189124
84543,26508,24003,7,10715,4.6,302658
55714,26969,13093,33,17163,3.6,390474
66835,42545,19771,48,6782,3.4,260421
83744,41668,14880,28,19792,3.7,424707
66491,28061,29337,7,17724,4.6,348195
28589,18716,17517,24,3817,3.3,164286
53484,44749,21063,19,16096,2.9,351149
92989,44144,4106,29,19880,4.3,394101
46212,21907,26557,34,6299,4.6,170367
53525,23777,18086,18,10917,2.8,241143
57202,32693,22607,11,19073,3.1,434261
42635,47928,6831,21,4267,2.9,78720
73208,31329,21152,48,5406,3.4,130199
43828,21282,5186,24,18826,3.6,369925
28711,28624,29856,40,11382,4.4,279650
13420,28321,4573,13,5437,4.1,151313
10301,15488,14808,42,6435,4.1,202361
55236,27574,4599,26,5107,3.4,150990
76235,10240,6033,6,1560,4.6,172342
64240,48221,10428,28,13329,3.7,219714
75726,15478,3304,12,2826,4.9,85599
20492,24262,25752,15,12421,4.1,250340
16102,9432,24261,17,13265,2.8,172461
60336,34721,19685,21,8629,4.2,213177
95314,18568,20925,12,9325,3.3,305935
36641,19178,20435,25,8693,4.2,216745
44584,27195,25193,22,9264,2.7,225936
42745,5302,10633,34,13686,2.9,224694
33093,22022,28652,22,14716,4.6,275940
76105,5055,13372,35,7721,3.1,194430
61885,13717,29233,42,8373,4.6,227844
46631,33699,10996,36,6907,3.2,263431
82991,13150,18458,15,17127,4.1,371615
14014,7125,25365,49,6656,4.2,148426
21093,49247,28751,29,9984,3.8,252729
28070,21748,28665,37,9286,3.3,255995
45777,44577,7475,42,6901,3.0,263583
66958,9621,26616,45,5917,2.6,273745
92074,20034,28657,12,9429,3.3,174446
20729,10126,9184,15,15716,4.1,257620
55017,10122,24180,26,16795,4.8,285268
76320,23030,25525,28,12138,4.7,279143
37751,22302,14875,45,3530,4.4,187231
88069,24181,3622,21,19344,4.5,438320
64748,43638,17988,16,18432,4.2,362651
15801,6531,10041,36,6772,3.2,163558
29190,45940,18725,19,16476,4.8,341374
59689,45441,20458,20,19913,4.2,350880
60993,28333,9992,26,16751,3.9,448571
39592,44650,17646,32,3964,2.8,68425
20647,39674,19029,24,8137,3.6,209842
18716,40854,6263,37,18347,3.7,468402
98891,13152,27185,14,17920,4.7,366876
97545,43518,16060,44,14891,3.9,346095
99912,15267,24520,36,8340,3.5,222117
80316,30289,17156,37,8967,4.9,248199
12368,6062,10646,6,13415,2.8,307440
87575,34926,29529,37,12871,3.6,200960
16655,11229,28284,37,12916,2.6,349904
80031,9632,13664,45,9734,4.3,196363
86429,44056,4969,17,1845,4.8,115400
97922,8596,5028,34,3494,3.2,134775
65766,49243,26027,37,13677,4.6,356316
23403,11168,21065,17,19268,3.2,270309
42097,47563,5629,30,13330,4.8,325209
88657,12561,22609,26,6179,4.4,298992
20966,13258,5067,43,7610,4.5,145257
62921,21616,7941,6,7430,2.5,177149
59726,31734,19770,42,8154,4.9,211602
60300,11371,21250,43,14828,4.3,357912
32677,31069,23172,30,11145,3.3,254370
65609,19369,13555,19,7488,4.6,170362
66661,17910,23874,38,4850,3.2,200927
41024,12943,15081,46,18073,4.7,474722
80313,17199,22508,48,14564,2.8,325825
63006,20728,26724,44,6078,4.3,246936
25338,28275,22234,15,13168,3.9,202440
78027,11738,23799,7,6448,2.7,113901
90135,20913,28634,10,18563,3.1,381367
29508,40240,26063,13,10074,2.5,286516
13051,24123,8819,10,7406,3.7,182833
58747,39529,27712,13,9800,3.3,209333
97142,15167,26762,43,15083,4.0,352953
97235,15554,13046,35,2638,3.2,85179
64021,22260,27826,36,11340,3.2,302663
76412,8812,19717,45,2382,4.4,201937
68335,33024,22534,16,2403,2.6,90120
66179,32285,25150,12,10011,4.8,215726
42093,31900,4711,12,4292,4.6,152523
79678,6605,6853,32,10011,4.2,231238
90738,10622,24596,24,1419,4.0,118111
49734,11767,25863,11,13411,4.7,382472
82615,32139,23792,15,5517,3.0,154112
83523,16613,28361,24,16422,2.7,317871
27019,15589,9715,20,10700,3.1,192219
93613,18918,10942,8,6693,4.5,222887
96672,25119,17507,10,1767,2.6,93860
83847,32446,17826,26,19428,4.0,363174
92750,18046,3762,30,15818,5.0,417061
89634,29818,17850,7,2549,4.6,196811
38251,40358,14112,45,10956,3.8,245018
35945,9324,25485,46,7140,2.7,110581
42217,15787,26058,18,11837,4.6,310264
18308,14111,14652,15,4716,4.0,99374
15949,43110,8122,22,5481,2.8,188530
61990,21389,2481,16,7548,2.7,83054
11150,46427,16536,27,19677,4.8,429401
99480,19043,2153,16,5837,4.2,119805
84740,33746,9617,17,8758,4.6,265127
76617,27350,3524,29,11900,4.7,285971
26896,46605,4120,49,8993,3.9,199086
56175,5117,17048,23,6542,3.8,160128
17805,23935,4343,40,15828,3.6,361620
15237,18234,7136,49,17052,3.3,357593
30056,43328,24144,12,3385,3.6,149376
55543,5846,3240,33,15308,4.4,424791
66556,15954,2060,36,1671,4.0,49748
13343,18703,11130,48,1163,4.7,205077
23500,27700,20023,22,9656,3.6,224412
63222,37043,24569,10,12234,4.0,218873
39375,11469,14312,22,5795,4.1,99120
19662,35105,15350,23,11634,4.0,243381
26964,47101,26354,26,5798,4.3,225135
69638,31386,14418,41,19739,3.1,398810
83666,41976,3252,36,11749,3.8,365820
95067,44051,22587,45,6827,2.8,155049
77215,7048,10363,7,5719,3.5,152440
79042,44001,11650,32,1593,3.7,70270
23284,17941,21933,14,8394,4.1,210712
82789,47533,22581,39,15056,4.9,401559
94664,6828,25393,33,11636,4.0,265019
71389,6917,25051,19,1016,4.4,-25245
19435,25618,20706,37,4191,3.8,164960
64340,37254,28212,11,1392,4.1,126191
54078,44756,29691,16,7272,2.7,206149
88832,25128,18314,34,17955,3.1,437750
61293,5009,6090,25,4631,3.4,97035
88781,21644,8960,35,7172,3.7,251467
70403,27422,5004,28,10312,2.6,301202
39124,14865,23520,24,19663,2.9,280129
53919,7219,18713,41,9906,3.2,263791
45247,44809,5640,8,18159,4.9,324142
72752,10287,26366,32,19631,3.3,388497
66573,39387,22491,48,17462,3.7,404159
69101,13512,3341,24,9080,3.0,192870
36646,6342,13855,28,8099,4.0,170482
33049,48336,26791,36,15916,3.2,338256
89605,24216,2338,45,8083,3.0,182766
78385,32534,7895,40,10223,3.8,214600
50158,19231,14254,38,5940,2.5,213882
75417,37293,21092,40,4456,2.5,117337
33289,31614,13344,6,8788,3.0,218559
19823,41258,3750,19,3711,2.6,140397
70160,33253,23988,38,12280,2.8,203576
51975,47078,4421,40,19052,3.3,357146
19540,45752,9119,10,17531,4.5,390771
26364,22988,27285,43,13089,3.9,250508
14611,36037,7319,46,11142,3.8,245096
37663,17219,17896,16,17749,3.2,355204
61991,5235,24993,7,16587,4.8,362778
67679,47929,23771,49,10866,3.5,277637
40977,6908,13918,22,5531,2.7,119942
59115,13567,22377,44,13686,4.0,389765
98223,41298,27064,25,6330,2.8,284410
70890,10256,26428,19,6510,3.4,229254
76387,24019,15849,37,9964,3.8,264435
28071,13162,26622,39,7493,4.7,174821
69275,10415,29935,30,11759,3.7,233299
82369,41159,6873,12,6439,4.3,212004
21938,48925,6806,40,15473,5.0,362285
45195,10951,10592,34,10765,2.8,315429
14000,26852,14182,27,14279,3.2,319156
80588,13007,24297,46,7511,3.5,157027
48304,46832,25508,48,12483,3.6,359958
79449,35523,21541,18,18630,3.5,320143
92986,28325,18774,18,3376,4.8,134822
99643,26204,14045,6,12824,4.3,290705
30764,20524,6430,41,19211,4.0,486332
96027,24282,10820,9,7979,3.3,354224
48494,28930,26070,42,10832,4.6,309435
13373,5077,6232,49,13504,4.9,298596
22161,45345,13122,45,7910,4.6,257892
37350,25611,17023,18,15089,2.5,335197
35351,21984,10007,43,3196,4.1,136176
98668,19060,19905,29,6978,2.6,293310
